python	Ensemble Methods in Python
python	Experimental Design in Python
python	Intermediate Python for Data Science
python	Introduction to AWS Boto in Python
python	Introduction to Data Science in Python
python	Introduction to Matplotlib
python	Introduction to Python
python	Introduction to Seaborn
python	Object-Oriented Programming in Python
python	Parallel Computing with Dask
python	Preparing for Coding Interview Questions in Python
python	Preparing for Statistics Interview Questions in Python
python	Python for MATLAB Users
python	Python for R Users
python	Python for Spreadsheet Users
python	Regular Expressions in Python
python	Software Engineering for Data Scientists in Python
python	Winning a Kaggle Competition in Python
python	Writing Efficient Python Code
python	Writing Functions in Python
python	Python Data Science Toolbox (Part 1)
python	Python Data Science Toolbox (Part 2)
python	Command Line Automation in Python
python,database   Big Data Fundamentals via PySpark
python,database   Building Recommendation Engines with PySpark
python,database   Data Types for Data Science
python,database   Feature Engineering with PySpark
python,database   Introduction to Databases in Python
python,database   Introduction to MongoDB in Python
python,database   Introduction to PySpark
python,database   Introduction to Spark SQL with Python
python,database   Working with Dates and Times in Python
python,database   Working with Geospatial Data in Python
python,data-pre-processing	Cleaning Data in Python
python,data-pre-processing	Cleaning Data with Apache Spark in Python
python,data-pre-processing	Preprocessing for Machine Learning in Python
python,data-pre-processing	Creating Robust Python Workflows
python,data-pre-processing	Importing Data in Python (Part 1)
python,data-pre-processing	Importing Data in Python (Part 2)
python,data-pre-processing	Web Scraping in Python
python,data-pre-processing	Manipulating Time Series Data in Python
python,data-pre-processing	Model Validation in Python
python,natural-language-processing	Advanced NLP with spaCy
python,natural-language-processing	Feature Engineering for NLP in Python
python,natural-language-processing	Natural Language Processing Fundamentals in Python
python,machine-learning	Advanced Deep Learning with Keras in Python
python,machine-learning	Convolutional Neural Networks for Image Processing
python,machine-learning	Deep Learning in Python
python,machine-learning	Deep Learning with Keras in Python
python,machine-learning	Deep Learning with PyTorch
python,machine-learning	Designing Machine Learning Workflows in Python
python,machine-learning	Extreme Gradient Boosting with XGBoost
python,machine-learning	Feature Engineering for Machine Learning in Python
python,machine-learning	Hyperparameter Tuning in Python
python,machine-learning	Introduction to TensorFlow in Python
python,machine-learning	Machine Learning for Finance in Python
python,machine-learning	Machine Learning for Time Series Data in Python
python,machine-learning	Machine Learning with Apache Spark
python,machine-learning	Machine Learning with Tree-Based Models in Python
python,machine-learning	Machine Learning with the Experts: School Budgets
python,machine-learning	Supervised Learning with scikit-learn
python,machine-learning	Unsupervised Learning in Python
python,pandas	Analyzing Marketing Campaigns with pandas
python,pandas	Analyzing Police Activity with pandas
python,pandas	Manipulating DataFrames with pandas
python,pandas	Merging DataFrames with pandas
python,pandas	Optimizing Python Code with pandas
python,pandas	Streamlined Data Ingestion with pandas
python,pandas	pandas Foundations
python,scipy	Clustering Methods with SciPy
python,internet-of-things	Analyzing IoT Data in Python
python,analytics	HR Analytics in Python: Predicting Employee Churn
python,finance	Intro to Python for Finance
python,finance	Intro to Financial Concepts using Python
python,finance	Financial Forecasting in Python
python,finance	Intro to Portfolio Risk Management in Python
python,finance	Introduction to Portfolio Analysis in Python
python,finance	Importing & Managing Financial Data in Python
python,physiology	Biomedical Image Analysis in Python
python,logistics	Supply Chain Analytics in Python
python,marketing,analytics	Customer Analytics & A/B Testing in Python
python,marketing,analytics	Customer Segmentation in Python
python,marketing,analytics	Predicting Customer Churn in Python
python,marketing,analytics	Analyzing Social Media Data in Python
python,statistics	Analyzing US Census Data in Python
python,statistics	Case Studies in Statistical Thinking
python,data-visualization	Data Visualization with Seaborn
python,data-visualization	Improving Your Data Visualizations in Python
python,data-visualization	Interactive Data Visualization with Bokeh
python,data-visualization	Introduction to Data Visualization with Python
python,data-visualization	Visualizing Geospatial Data in Python
python,data-visualization	Visualizing Time Series Data in Python
python,statistics	Dimensionality Reduction in Python
python,statistics	Exploratory Data Analysis in Python
python,statistics	Forecasting Using ARIMA Models in Python
python,statistics	Foundations of Predictive Analytics in Python (Part 1)
python,statistics	Foundations of Predictive Analytics in Python (Part 2)
python,statistics	Foundations of Probability in Python
python,statistics	Fraud Detection in Python
python,statistics	Generalized Linear Models in Python
python,statistics	Introduction to Linear Modeling in Python
python,statistics	Introduction to Time Series Analysis in Python
python,statistics	Linear Classifiers in Python
python,statistics	Network Analysis in Python (Part 1)
python,statistics	Network Analysis in Python (Part 2)
python,statistics	Sentiment Analysis in Python
python,statistics	Statistical Simulation in Python
python,statistics	Statistical Thinking in Python (Part 1)
python,statistics	Statistical Thinking in Python (Part 2)
python,statistics	Building Chatbots in Python
